{  
  "short_name": "aaaa",
  "name": "aaaa",
  "start_url": "./?utm_source=web_app_manifest",
  "icons": [  
    {  
      "src": "splash/android/192x192.png",
      "sizes": "192x192",
      "type": "image/png"  
    },
    {  
      "src": "splash/android/256x256.png",
      "sizes": "256x256",
      "type": "image/png"  
    },
    {  
      "src": "splash/android/384x384.png",
      "sizes": "384x384",
      "type": "image/png"  
    },
    {  
      "src": "splash/android/512x512.png",
      "sizes": "512x512",
      "type": "image/png"  
    }
  ],
  "background_color": "",
  "theme_color": "black", 
  "display": "standalone",
  "orientation": "any"  
}